Titre_Clean,Auteur,Date publication,Catégorie,Contenu_Clean,Langue,Url
"Handicap au Maroc : entre progrès statistiques et fractures structurelles, le long chemin vers une inclusion réelle",Mohammed CHAHBI,vendredi 24 avril 2026 - 08:21,Orbites,"Le Recensement Général de la Population et de l’Habitat (RGPH) de 2024, publié par le Haut-Commissariat au Plan en mars 2026, dresse un portrait à la fois nuancé et sans concession de la réalité des personnes en situation de handicap (PSH) au Maroc. Si la prévalence nationale affiche un léger recul (4,8 % contre 5,1 % en 2014), le nombre absolu de personnes concernées a franchi le cap des 1,73 million. Derrière ces chiffres se cache une réalité multidimensionnelle : des avancées institutionnelles et sanitaires cohabitent avec des inégalités tenaces, notamment en milieu rural et parmi les femmes. Loin d’être un simple bilan statistique, ce rapport agit comme un miroir des choix structurels du pays : jusqu’à quel point le modèle de développement marocain parvient il à transformer la vulnérabilité en autonomie réelle ? Le RGPH 2024 confirme une tendance lourde : le handicap au Maroc est aujourd’hui intrinsèquement lié à l’avancée en âge. Plus de la moitié des PSH ont 60 ans ou plus, et près d’une personne âgée sur cinq vit avec un handicap fonctionnel. Cette réalité n’est pas un accident statistique, mais le reflet d’une transition démographique et épidémiologique qui allonge l’espérance de vie sans que les écosystèmes de prise en charge de la dépendance ne suivent le même rythme. Paradoxalement, si le taux global diminue légèrement, les zones rurales affichent une prévalence stable, voire en légère hausse pour certaines catégories, creusant un fossé territorial qui interroge la pertinence des politiques de proximité. Les femmes, en particulier rurales et âgées, cumulent les vulnérabilités : prévalence plus élevée, veuvage accru (34,2 % contre 4,0 % chez les hommes), et isolement relatif. Le rapport le souligne avec sobriété, mais la question politique reste entière : comment passer d’une logique familiale de prise en charge, aussi solidaire soit-elle, à un véritable filet de protection sociale public, décentralisé et professionnalisé ? Le véritable goulot d’étranglement de l’autonomie reste l’éducation. Près des deux tiers (67,8 %) des PSH n’ont aucun niveau scolaire, et le taux d’alphabétisation ne dépasse pas 35,4 %, contre 75,2 % pour la population générale. Ce déficit n’est pas le fruit du hasard, mais l’aboutissement d’un système qui peine encore à internaliser l’inclusion : manque d’établissements adaptés, infrastructures inaccessibles, formation insuffisante des enseignants, et faiblesse des dispositifs de soutien pédagogique. Cette exclusion scolaire se répercute mécaniquement sur le marché du travail : seuls 8,9 % des PSH sont actifs occupés. Le rapport note une surreprésentation du travail indépendant et du salariat privé, souvent précaire, tandis que les femmes PSH restent massivement cantonnées au rôle de « femme au foyer » (30,3 %). On ne peut invoquer l’inaptitude physique pour expliquer cette marginalisation économique, c’est bien l’absence de formations professionnelles adaptées, les discriminations à l’embauche et l’inaccessibilité des lieux de travail qui perpétuent un cycle de dépendance. Le Maroc a ratifié la Convention relative aux droits des personnes handicapées en 2009, mais le fossé entre le droit formel et la réalité quotidienne reste béant. Les conditions d’habitat révèlent une autre ligne de fracture. Si la propriété du logement est majoritaire (77,5 %), elle ne garantit ni l’adaptation ni le confort fonctionnel. En milieu rural, seulement 50 % des ménages avec PSH disposent d’eau courante, et à peine 35,6 % d’une salle de bain ou douche. Ces chiffres ne sont pas anodins : ils traduisent une promiscuité et une insalubrité qui aggravent la dépendance, limitent la mobilité et multiplient les risques de complications sanitaires. Par ailleurs, à l’ère de la dématérialisation des services publics et de l’économie numérique, seulement 18,3 % des PSH utilisent internet. L’écart est abyssal : 25,4 % en milieu urbain contre 9,3 % en rural ; 20,7 % chez les hommes contre 16 % chez les femmes. La fracture numérique n’est plus un détail technique, elle est devenue un nouveau vecteur d’exclusion qui rend l’accès aux droits, à la téléconsultation, à la formation à distance ou à la recherche d’emploi quasi impossible pour une grande partie de cette population. Les projections démographiques à l’horizon 2050 oscillent entre 1,56 et 1,96 million de PSH, selon les scénarios de prévalence. Même dans l’hypothèse la plus optimiste, le vieillissement et l’urbanisation imposeront une pression accrue sur les services sociaux, sanitaires et d’accompagnement. Le rapport appelle à juste titre à compléter le RGPH par des enquêtes spécifiques, ce qui est pertinent, mais insuffisant si cela ne se traduit pas par une refonte des mécanismes de gouvernance et de financement. L’inclusion ne se décrète pas, elle se planifie, se budgétise et s’évalue. Il faut passer d’une approche souvent assistancielle à une logique de droits, où l’accessibilité universelle devient la norme, pas l’exception. Cela implique une coordination intersectorielle réelle (éducation, santé, emploi, urbanisme, numérique), la mise en place d’incitations fortes pour l’embauche et l’aménagement des postes, et surtout, la participation directe des personnes concernées à la conception des politiques qui les visent. Le RGPH 2024 n’est pas qu’un exercice comptable. C’est un signal d’alarme et une feuille de route. Le Maroc a fait des progrès indéniables, notamment en matière de couverture médicale (63,3 % des PSH sont désormais assurées contre 34,1 % en 2014) et de reconnaissance institutionnelle du handicap. Mais tant que l’école restera un lieu d’exclusion, que le marché du travail ignorera les aménagements raisonnables, et que les zones rurales manqueront d’infrastructures de base, le handicap demeurera synonyme de précarité structurelle. L’inclusion exige plus que des discours ou des chiffres en baisse relative. Elle exige des investissements ciblés, une territorialisation fine des politiques publiques, et un changement de regard : considérer les personnes handicapées non comme des bénéficiaires passifs, mais comme des acteurs à part entière du développement. Le compte à rebours vers 2050 a commencé. Le choix est clair : adapter la société à la diversité humaine, ou laisser une partie de sa population sur le bord de la route. *Chercheur en Sciences politiques",fr,https://fr.hespress.com/470916-handicap-au-maroc-entre-progres-statistiques-et-fractures-structurelles-le-long-chemin-vers-une-inclusion-reelle.html
"Elon Musk prêt à régler 1,5 million de dollars pour clore un litige lié au rachat de Twitter",Zoubida Senoussi,mardi 5 mai 2026 - 13:17,Monde,"Elon Musk a choisi de mettre un terme à une procédure judiciaire en acceptant de verser une amende de 1,5 million de dollars à la Securities and Exchange Commission (SEC), le régulateur des marchés financiers américains. Cette décision vise à solder un contentieux remontant à 2022, lié à sa montée rapide au capital de Twitter, désormais connu sous le nom de X. Au début de cette année-là, le patron de SpaceX avait progressivement acquis des actions via une structure d’investissement, franchissant le seuil réglementaire de 5 % à la mi-mars. Or, la législation américaine impose, dans ce cas, une déclaration auprès du régulateur dans un délai de dix jours. Cette formalité n’a été effectuée qu’au début du mois d’avril, soit avec un retard de onze jours. Ce manquement avait conduit la SEC à engager des poursuites en janvier 2025 devant un tribunal fédéral à Washington. Dans le cadre d’un accord proposé à la justice, le trust lié à Elon Musk s’est dit disposé à régler l’amende, sans reconnaître ni contester les accusations. Si cette proposition est validée par la juge en charge du dossier, les poursuites pourraient être abandonnées. Selon la SEC, ce retard de déclaration aurait permis à l’entrepreneur de réaliser une économie substantielle, estimée à au moins 150 millions de dollars lors de l’acquisition des actions du réseau social, désormais rebaptisé X. De son côté, l’avocat d’Elon Musk, Alex Spiro, insiste sur le fait que la sanction vise la structure d’investissement et non directement son client, affirmant que ce dernier « n’a commis aucune faute ». Par ailleurs, ce dossier s’inscrit dans un contexte judiciaire plus large. Fin mars, un jury en Californie a estimé qu’Elon Musk avait induit en erreur certains actionnaires lors du rachat de Twitter en 2022. Les dommages potentiels dans cette affaire sont évalués à 2,6 milliards de dollars par les plaignants, une décision que l’homme d’affaires a indiqué vouloir contester en appel.",fr,https://fr.hespress.com/472164-elon-musk-pret-a-regler-15-million-de-dollars-pour-clore-un-litige-lie-au-rachat-de-twitter.html
La Bourse de Casablanca ouvre en baisse,Hespress FR,mardi 5 mai 2026 - 10:29,Economie,"La Bourse de Casablanca a démarré dans le rouge mardi, son indice phare, le MASI, cédant 0,05% à 18.687,24 points (pts). Contre-tendance, le MASI 20, qui regroupe les 20 valeurs les plus liquides, prenait 0,12% à 1.365,88 pts et le MASI ESG, indice des entreprises ayant la meilleure notation ESG selon Moody’s ESG Solutions, gagnait 0,07% à 1.329,5 pts. S’agissant du MASI Mid and Small Cap, qui reflète la performance des petites et moyennes capitalisations, il reculait de 0,76% à 1.928,92 pts. Aux valeurs individuelles, les plus fortes baisses étaient enregistrées par Sanlam Maroc (-7,22% à 2.825 DH), Ennakl (-4,67% à 55,75 DH), Fenie Brossette (-4,66% à 305 DH), Réalisations Mécaniques (-3,29% à 471 DH) et CTM (-3,18% à 880,1 DH). En revanche, Sothema (+9,71% à 373 DH), Bank of Africa (+4,39% à 214 DH), Delta Holding (+3,34% à 61,8 DH), Cosumar (+2,62% à 193,95 DH) et CIH (+2,42% à 360 DH) réalisaient les meilleures performances. Lundi, le MASI avait clôturé sur un gain de 0,61%.",fr,https://fr.hespress.com/472162-la-bourse-de-casablanca-ouvre-en-baisse-61.html
"Surtaxes américaines sur les voitures européennes: l'UE ""prête à tous les scénarios""",AFP,mardi 5 mai 2026 - 13:44,Monde,"Si la menace se concrétise, le président français Emmanuel Macron a appelé de son côté l’UE à « activer » son instrument anti-coercition. Cet outil, comparé par certains à un « bazooka », permet en particulier de limiter les importations provenant d’un pays ou son accès à certains marchés publics et de bloquer certains investissements. « Un accord, c’est un accord », avait rappelé plus tôt mardi Mme von der Leyen, lors d’une conférence de presse à Erevan, en référence à l’accord commercial entre l’UE et l’administration Trump, conclu en juillet et limitant à 15% les droits de douane sur les voitures européennes vendues aux Etats-Unis. « Nous avons un accord, et l’essence de cet accord, c’est la prospérité, des règles communes et la fiabilité », a-t-elle encore affirmé. Vendredi Donald Trump a menacé le bloc de nouvelles surtaxes douanières sur les automobiles et camions exportés vers les Etats-Unis, accusant l’UE de ne pas respecter l’accord commercial signé entre les deux rives de l’Atlantique. Le commissaire européen au Commerce Maros Sefcovic doit rencontrer mardi à Paris le représentant de la Maison Blanche pour le Commerce, Jamieson Greer, en marge d’une réunion ministérielle du G7 dans la capitale française. « Depuis le début, nous nous sommes adaptés. Il y a des accords qui ont été signés, doivent être respectés. S’ils étaient remis encore en cause, ils rouvriraient tout et si tel ou tel pays était menacé par des droits de douane, l’Union européenne s’est dotée d’instruments qui devront alors être activés parce que cela correspond à leur vocation », a déclaré M. Macron, depuis Erevan où il se trouve en visite d’Etat. Ce n’est pas la première fois que la France préconise, en cas de blocage des discussions, de recourir à l’instrument anti-coercition dont l’UE s’est dotée, pour riposter par exemple à un chantage économique, mais qu’elle n’a jusqu’à présent jamais utilisé. La Commission européenne a dès lundi confirmé sa volonté d’appliquer l’accord signé, rejetant les accusations américaines. « Nous mettons en place l’accord depuis le départ et restons totalement engagés dans le respect de nos engagements », avait alors déclaré un porte-parole de la Commission, Thomas Regnier. Le Parlement européen a approuvé, sous condition, l’accord entre les Etats-Unis et l’UE, mais les procédures internes du bloc prévoient que l’accord soit encore négocié avec les Etats membres avant d’être formellement appliqué. Selon M. Regnier, l’UE a tenu Washington « totalement informé tout au long des procédures » et cherché à « rassurer l’autre rive de l’Atlantique, le travail est en cours. Des progrès sont réalisés ».",fr,https://fr.hespress.com/472191-surtaxes-americaines-sur-les-voitures-europeennes-lue-prete-a-tous-les-scenarios.html
African Lion: Une coopération exemplaire entre le Maroc et les États-Unis au service de la santé,Hespress FR,mardi 5 mai 2026 - 11:07,Politique,"Au cœur de la commune d’Al Fid, dans la province de Taroudant (région de Souss-Massa), se dresse l’hôpital militaire chirurgical de campagne installé en marge de l’exercice African Lion de cette année. Véritable lieu où la rigueur militaire rencontre l’humanisme, les équipes médicales, paramédicales et sociales des Forces armées royales et de l’armée américaine y accomplissent une mission exemplaire. Dès les premières heures du matin, des centaines de citoyens venant de la province de Taroudant et d’ailleurs affluent pour bénéficier des services médicaux et pharmaceutiques gratuits proposés par cet hôpital, opérationnel depuis plus de deux semaines. Plus de 12 000 personnes en ont déjà profité, dont près de 2 000 enfants. Les tentes médicales, équipées des dernières technologies, forment une véritable « ville sanitaire » créée sur instructions du roi Mohammed VI, illustrant le rôle humanitaire de l’institution militaire au-delà des casernes. Ce qui frappe dans cet espace, c’est l’harmonie professionnelle entre les équipes marocaines et leurs homologues américaines. Les barrières linguistiques et géographiques s’effacent au profit du langage universel de la médecine, dans une démonstration remarquable de coopération. La communication n’a jamais été un obstacle : les militaires marocains, tous grades confondus, facilitent non seulement l’organisation, mais utilisent aussi la langue amazighe locale pour échanger avec les patients, notamment les personnes âgées et les femmes, en expliquant les parcours de soins et les consignes de manière claire et accessible. Le médecin-colonel Mohamed Kamal, médecin-chef de l’hôpital, a indiqué que cette structure a été mise en place conformément aux hautes instructions royales, en coordination avec les forces américaines, afin de fournir des soins médicaux, chirurgicaux et préventifs à la population locale dans le cadre des activités humanitaires accompagnant l’exercice. L’hôpital comprend des unités médicales et chirurgicales, un bloc opératoire, une capacité d’hospitalisation de 20 lits extensible, une unité de stérilisation, un service d’imagerie, un laboratoire d’analyses, un service dentaire, une pharmacie et une unité sociale. Il mobilise 286 professionnels marocains et américains, ainsi que 12 assistantes sociales. Depuis le 20 avril, plus de 30 000 prestations médicales ont été assurées au profit de plus de 12 000 bénéficiaires, avec plus de 350 interventions chirurgicales réalisées. Plus de 1 700 personnes ont reçu gratuitement des lunettes correctrices, et plus de 7 200 autres ont bénéficié de médicaments sans frais. Le commandant Marcus Blackburn, pédiatre au sein de la garde nationale de l’Utah, a salué une expérience « exceptionnelle » au Maroc, mettant en avant l’hospitalité de la population et la qualité de la collaboration avec les équipes marocaines. Il prévoit que le nombre de patients pourrait atteindre 20 000 d’ici la fin de l’exercice, précisant que l’hôpital réalise des interventions délicates, comme la chirurgie de la cataracte, en plus des soins généraux et des urgences. Il a également évoqué un moment marquant : la naissance d’un enfant au sein de l’hôpital, pris en charge avec succès grâce à la coopération entre les équipes marocaines et américaines. Le lieutenant Mehdi Chegdali, cardiologue au sein des Forces armées royales, a souligné que l’unité de cardiologie assure une prise en charge rapide et précise des cas urgents ainsi que le suivi des maladies chroniques selon les standards médicaux les plus récents. Il a insisté sur l’importance du dépistage précoce des facteurs de risque cardiovasculaire, notamment l’hypertension, le diabète et les troubles du cholestérol, afin de prévenir les complications graves. De son côté, la capitaine Sara Abba, des services sociaux des Forces armées royales, a expliqué que ces services jouent un rôle clé dans l’orientation des bénéficiaires et la bonne organisation de l’hôpital. Ils assurent également l’accompagnement des enfants à travers des espaces dédiés proposant des activités comme le dessin, les jeux et le football. Les témoignages des bénéficiaires convergent : cette initiative dépasse le simple cadre des soins pour incarner une véritable solidarité humaine. Les habitants de la commune d’Al-Fayd et des zones voisines ont salué la qualité des services médicaux et chirurgicaux ainsi que la gratuité des traitements, qui allègent considérablement le fardeau des familles.",fr,https://fr.hespress.com/472169-african-lion-une-cooperation-exemplaire-entre-le-maroc-et-les-etats-unis-au-service-de-la-sante.html
Le Raja de Casablanca fait appel contre la sanction de huis clos avant le derby,Zoubida Senoussi,lundi 4 mai 2026 - 16:46,Sport,"Le Raja de Casablanca a engagé des démarches juridiques pour contester les sanctions récemment prononcées par la commission centrale de discipline de la Ligue nationale de football professionnel. Le club casablancais refuse de disputer ses matches à huis clos et affirme son droit à défendre ses intérêts. Cette décision intervient après la sanction infligée au club, qui prévoit trois rencontres sans public, assorties d’une lourde amende, à la suite des incidents survenus lors de son match face à l’AS FAR, comptant pour la 17e journée du championnat. Selon une source proche du dossier, la direction du Raja a déposé ce lundi un dossier d’appel complet auprès de l’instance compétente. Celui-ci s’appuie sur des arguments juridiques ainsi que sur des éléments visuels, dans le but de démontrer le caractère disproportionné de la sanction par rapport aux faits reprochés. Les dirigeants du club espèrent ainsi obtenir une réduction de la peine, à l’approche du derby très attendu face au Wydad Athletic Club. L’absence de supporters représenterait en effet un handicap majeur, tant sur le plan sportif que sur celui de l’ambiance, déterminante dans ce type de confrontation.",fr,https://fr.hespress.com/472069-le-raja-de-casablanca-fait-appel-contre-la-sanction-de-huis-clos-avant-le-derby.html
"Carburants : des stocks jugés suffisants, mais des fragilités persistent sur le butane et le kérosène",Hespress FR,lundi 4 mai 2026 - 23:14,Politique,"La question de la sécurité énergétique du Maroc revient au centre du débat, alors que les tensions internationales continuent de peser sur les marchés. Face aux inquiétudes sur l’approvisionnement, la ministre de la Transition énergétique et du développement durable, Leila Benali, a tenu à rassurer : les stocks nationaux de carburants sont actuellement à un niveau jugé suffisant pour couvrir les besoins du pays. Intervenant devant la Chambre des représentants, la ministre a affirmé que « les données disponibles confirment la suffisance des stocks de gasoil, d’essence et de fuel », y compris grâce à la mobilisation des capacités de stockage issues de l’ancienne raffinerie de la Samir, réintégrées dans le dispositif national depuis 2023. Cette relative stabilité s’inscrit dans un effort d’investissement soutenu ces dernières années. Selon Benali, « les capacités de stockage ont enregistré une hausse de plus de 30 % depuis 2021, atteignant environ 3,2 millions de mètres cubes en 2025 ». Une progression qui traduit une volonté affichée de renforcer la résilience du pays face aux chocs externes. Dans cette dynamique, le gouvernement a lancé un programme structuré de suivi et de développement des infrastructures de stockage à l’horizon 2030. « Un programme de suivi des capacités a été mis en place pour accompagner les projets, notamment en facilitant les procédures administratives », a précisé la ministre. L’objectif affiché est ambitieux : porter ces capacités à près de 1,5 milliard de mètres cubes, pour un investissement global estimé à 6 milliards de dirhams, dont un tiers devrait être engagé dès 2026. Cependant, derrière ces indicateurs globalement rassurants, des zones de fragilité subsistent. Leila Benali a reconnu que « le principal défi concerne aujourd’hui le gaz butane et le carburant destiné à l’aviation ». Pour y répondre, plusieurs projets sont programmés afin d’augmenter les capacités de stockage de 400.000 mètres cubes pour le butane et de 100.000 mètres cubes pour le kérosène à l’horizon 2030. Autre enjeu soulevé : la concentration géographique des infrastructures. Historiquement, près de 80 % des capacités de stockage étaient localisées dans l’axe Casablanca-Settat et Tanger-Tétouan-Al Hoceima. Une situation que l’exécutif entend corriger. « Nous travaillons à une meilleure répartition territoriale des investissements », a indiqué la ministre, citant notamment le port Nador West Med comme futur hub stratégique pour le stockage des hydrocarbures et du gaz naturel. Ces annonces n’ont pas totalement convaincu certains parlementaires. Du côté de l’opposition, des voix s’élèvent pour dénoncer l’absence de visibilité sur la politique énergétique globale. Le député du Mouvement populaire (MP), Mohamed Mkhantar a ainsi pointé « l’absence d’une véritable stratégie de raffinage depuis la fermeture de la Samir », tout en critiquant le manque de transparence sur la structure des prix et la fiscalité appliquée aux carburants. Dans un contexte marqué par la volatilité des prix à l’international, ces critiques font écho aux préoccupations des ménages et des professionnels, directement exposés aux fluctuations du marché. La question ne se limite plus à la disponibilité des produits, mais s’étend désormais à leur accessibilité et à leur impact sur le pouvoir d’achat. Entre efforts d’investissement, réorganisation du stockage et pression sociale croissante, l’équation énergétique du Maroc reste donc fragile. Si les autorités affichent une certaine maîtrise sur le plan logistique, le véritable test se jouera sur leur capacité à amortir durablement les effets des turbulences internationales",fr,https://fr.hespress.com/472128-carburants-des-stocks-juges-suffisants-mais-des-fragilites-persistent-sur-le-butane-et-le-kerosene.html
"Eau potable : la couverture progresse en milieu rural, des écarts subsistent",Hicham Oukerzaz,lundi 4 mai 2026 - 19:40,Politique,"Malgré une nette progression du raccordement à l’eau potable en milieu rural, la couverture demeure inégale selon les territoires. Face aux députés, Nizar Baraka a défendu le bilan de son département, alors que plusieurs élus ont pointé les retards persistants dans certaines zones enclavées. Interpellé ce lundi 4 mais à la Chambre des représentants lors de la séance hebdomaire des questions orales sur la généralisation du raccordement individuel, le ministre de l’Équipement et de l’Eau, Nizar Baraka, a indiqué que le taux dépasse désormais les 51 %, contre 22 % en 2004 et 30 % en 2010. Une progression notable, qui concerne aujourd’hui près de 1,4 million de ménages. Ces résultats n’ont pas empêché plusieurs députés de pointer la réalité de nombreuses zones rurales et montagneuses où des milliers de foyers restent tributaires de bornes-fontaines ou de puits, faute de raccordement individuel. En réponse, Nizar Baraka a insisté sur la transformation du modèle de gestion, désormais confié aux sociétés régionales multiservices dans le cadre de la régionalisation avancée. Encore en phase de déploiement, ces structures sont appelées à améliorer l’accès aux services et à en rehausser la qualité, y compris en matière d’assainissement, dont la couverture en milieu rural reste inférieure à 10 %. Le ministre a également souligné que l’approche adoptée ne se limite pas au raccordement, mais intègre la sécurisation durable des ressources hydriques. Une programmation à l’horizon 2030 prévoit ainsi l’équipement de plus de 11.000 douars, complétée par un programme additionnel visant près de 8.000 autres localités, pour un investissement global avoisinant 10 milliards de dirhams. Dans un autre registre, Nizar Baraka a mis en avant le rôle croissant des infrastructures portuaires dans la dynamique économique nationale. Le Maroc compte aujourd’hui près de 45 ports, dont la mise à niveau et la modernisation sont présentées comme un levier stratégique. Le ministre de l’Équipement et de l’Eau a évoqué une approche reposant sur des diagnostics réguliers, des programmes de maintenance continue et des investissements ciblés. Au cours de la dernière décennie, plus de 1,5 milliard de dirhams ont été mobilisés, notamment pour le dragage des bassins et l’amélioration des accès maritimes. Parallèlement, une évolution de la gouvernance est à l’étude, avec un projet de transformation de l’Agence nationale des ports en société anonyme, visant à renforcer l’efficacité et la souplesse de gestion. La stratégie actuelle intègre également la digitalisation de la chaîne logistique, la simplification des procédures et l’intégration progressive des exigences de l’économie verte. La création d’un observatoire de la compétitivité portuaire a, à ce titre, été annoncée pour assurer le suivi des performances du secteur. Sur le plan des infrastructures, deux projets structurants ont été mis en avant : le port de Nador West Med, dont la mise en service est attendue prochainement, et le port Dakhla Atlantique, appelé à renforcer le positionnement du Maroc vers l’Afrique. Ces plateformes sont également intégrées dans la stratégie nationale liée aux énergies propres, notamment l’hydrogène vert.",fr,https://fr.hespress.com/472076-eau-potable-la-couverture-progresse-en-milieu-rural-des-ecarts-subsistent.html
"Élections 2026, l’heure de vérité pour la classe politique",Marwane El Bouzdaini,samedi 2 mai 2026 - 15:23,Politique,"Les élections législatives de 2026 ne seront pas un simple rendez-vous électoral. Elles s’inscrivent dans un moment charnière, où les orientations stratégiques du pays sont clairement établies au plus haut sommet de l’État. La question n’est plus celle du cap, mais celle de la capacité à en assurer la mise en œuvre avec rigueur et constance. Dans ce contexte, la crédibilité des acteurs politiques ne se mesurera plus à la formulation de promesses, mais à leur capacité à s’inscrire dans la continuité de l’État, à en comprendre les équilibres et à porter une action publique cohérente, fondée sur le sens des responsabilités et l’exigence de résultats. « Il n’y a pas de place aujourd’hui ni demain pour un Maroc avançant à deux vitesses. » Par cette affirmation, Sa Majesté le Roi Mohammed VI fixe une orientation claire et engageante. Elle trace une ligne qui s’impose à l’ensemble des acteurs publics et politiques. Elle consacre une exigence d’équité territoriale et sociale qui devient désormais une référence dans l’action publique. Le Maroc a changé de dimension au fil des années. Les investissements ont été massifs, les infrastructures ont profondément transformé le paysage économique et social, et l’État a consolidé ses fondamentaux avec une stabilité qui fait aujourd’hui sa force. Cette progression est réelle, visible, reconnue. Mais elle place désormais le pays face à une responsabilité nouvelle. Faire en sorte que cette dynamique ne reste pas concentrée, qu’elle irrigue pleinement les territoires et qu’elle se traduise concrètement dans la vie des citoyens. Dans ce contexte, il devient essentiel de replacer les priorités à leur juste niveau. La perspective de la FIFA World Cup 2030 ne peut constituer un horizon politique en soi. La phase actuelle n’est pas liée uniquement à l’organisation du Mondial. Les grands chantiers ont déjà été lancés, structurés, et une part importante de ces projets est aujourd’hui réalisée. Le prochain exécutif n’aura pas à les inventer. Il en récoltera les fruits. Il se situe dans la capacité à ouvrir une nouvelle séquence. Une séquence plus exigeante, plus structurante, plus décisive. Cette séquence repose sur des priorités clairement établies. La mise en œuvre du plan d’autonomie dans le cadre de la souveraineté nationale reste une priorité. Elle engage directement la consolidation de l’intégrité territoriale et la traduction concrète d’une vision portée au plus haut sommet de l’État. Dans le même temps, il est devenu inacceptable de maintenir un Maroc à deux vitesses. Cette réalité appelle des réponses fortes, déjà engagées à travers des programmes de développement intégrés, avec une enveloppe de 210 milliards de dirhams mobilisée sur huit ans. Mais au-delà de ces chantiers, une autre dimension s’impose avec force. Celle de la souveraineté. Le renforcement de la souveraineté alimentaire, énergétique, technologique, hydrique et pharmaceutique s’inscrit dans une dynamique naturelle. Dans un contexte international marqué par les incertitudes, compter excessivement sur l’importation ne peut constituer une réponse durable. L’enjeu est d’aller plus loin dans la consolidation des acquis, de renforcer la production nationale et de valoriser pleinement les capacités dont dispose déjà le Maroc. Le Royaume dispose, pour cela, d’atouts considérables. Des infrastructures de premier plan, dont l’un des plus grands ports d’Afrique et de la Méditerranée, une montée en puissance industrielle réelle, notamment dans des secteurs à forte valeur ajoutée comme l’aéronautique, et une capacité d’attraction qui le positionne aujourd’hui comme une plateforme régionale crédible. Mais ces acquis, aussi importants soient-ils, ne produisent pleinement leurs effets que s’ils sont portés, appropriés et prolongés par les forces vives du pays. La jeunesse marocaine n’est pas seulement une composante de la société. Elle en est aujourd’hui la principale force motrice. Par sa capacité d’adaptation, son sens de l’initiative et sa volonté de s’inscrire dans le mouvement du pays, elle incarne déjà, au quotidien, le Maroc qui avance. Elle bouscule les habitudes, renouvelle les approches et apporte une énergie essentielle aux transformations en cours. Lui donner toute sa place ne relève plus d’un choix, mais d’une évidence. C’est reconnaître son rôle dans l’économie, dans l’innovation, mais aussi dans la vie publique. C’est lui ouvrir des perspectives à la hauteur de ses ambitions et lui permettre de contribuer pleinement à la construction du pays. C’est autour de cette dynamique que se dessine une cohérence d’ensemble. Un Maroc qui avance avec ses territoires. Une souveraineté qui se renforce dans la durée. Et une jeunesse qui s’affirme comme le moteur de cette transformation. Ces orientations s’inscrivent dans une continuité politique et institutionnelle profonde. Elles traduisent une certaine idée de l’État, fondée sur la responsabilité, la crédibilité et la capacité à agir dans la durée. Elles dessinent, en creux, les contours d’un projet politique qui assume la continuité, valorise l’effort et place l’efficacité au cœur de l’action publique. À l’approche des élections législatives de 2026, le débat ne pourra pas s’en éloigner. Il portera sur la capacité à traduire ces priorités en résultats concrets, à incarner cette exigence et à prolonger la trajectoire définie au plus haut sommet de l’État.",fr,https://fr.hespress.com/471912-elections-2026-lheure-de-verite-pour-la-classe-politique.html
Les températures attendues ce mardi 5 mai 2026,Hespress FR,mardi 5 mai 2026 - 07:32,Regions,Voici les températures minimales et maximales prévues par la Direction générale de la météorologie pour le mardi 5 mai 2026,fr,https://fr.hespress.com/472090-les-temperatures-attendues-ce-mardi-5-mai-2026.html
Pasdaran vs GI : on a gagné… le doigt dans le nez !,Dr Saïd LAQABI,jeudi 23 avril 2026 - 08:21,Monde,"J’allais écrire « drôle de guerre », mais le syntagme sent trop la naphtaline historique, la Première Guerre mondiale, la grosse Bertha et les taxis de la Marne. Ici, point de tranchées boueuses ni de poilus héroïques, mais une guerre sans front, sans déclaration formelle, une guerre où les missiles dialoguent avec les récits, et où chaque camp, tel un dramaturge antique, écrit sa propre tragédie… en se distribuant le rôle du vainqueur. Car ce qui oppose Iran et les États-Unis n’est pas seulement une confrontation géopolitique : c’est un concours de storytelling. Une guerre où la victoire ne se mesure plus seulement en kilomètres conquis, mais en hashtags dominés, en discours calibrés, en récits recyclés. Une guerre de récits, donc — et, à ce jeu, chacun s’auto-proclame César… sans empire. Les objectifs initiaux, eux, étaient d’une clarté presque pédagogique, dignes d’un plan de dissertation bien construit : – Détruire les capacités nucléaires – Annihiler le programme balistique – Couper les ramifications régionales (les proxies) – Changer le régime Une feuille de route simple, limpide presque rassurante dans sa linéarité. Mais comme souvent en géopolitique, la réalité s’est chargée de transformer ce plan en une dissertation sans conclusion. Car au terme de cette séquence, que constate-t-on ? Les infrastructures iraniennes ont été sérieusement éprouvées — une victoire à la Pyrrhus, où l’on sacrifie sa propre maison pour prouver qu’on peut encore se battre. Du côté américain, la supériorité technologique, pourtant érigée en dogme quasi religieux, a buté sur ses propres limites: une puissance qui impressionne, mais ne décide pas toujours. Quant au troisième objectif — couper le cordon ombilical avec les proxies — il mérite à lui seul une note de bas de page… ou plutôt un inventaire à la Prévert version géopolitique. Car ces acteurs périphériques, loin de s’évaporer sous la pression, semblent au contraire gagner en épaisseur. On retrouve ainsi le Hezbollah au Pays du Cèdre, fidèle au poste comme une vieille horloge confessionnelle ; la nébuleuse irakienne, aux appellations puisées dans quelque parchemin médiéval où l’histoire se conjugue au futur antérieur ; les guerriers en pagne, carburant au qat, de l’Arabie heureuse — alias le Yémen — sans doute les plus imprévisibles dans cette dramaturgie asymétrique, sans oublier les taupes aux aguets, disséminées de Bahreïn à Tindouf, en passant par le Koweït et l’Arabie Saoudite. Ironie de la séquence : à mesure que l’on annonçait leur affaiblissement, ces relais régionaux semblent s’enhardir, comme si la pression extérieure agissait moins comme un dissolvant que comme un révélateur. L’ombre devient plus dense lorsqu’on tente de l’éclairer trop frontalement. En ce qui concerne le quatrième point — le changement de régime — il a bel et bien eu lieu, nonobstant, à la manière d’un paradoxe juridique : de facto et non de jure. La scène politique iranienne s’est progressivement militarisée, laissant seuls au gouvernail les Pasdaran. Autrement dit, l’État profond a cessé d’être profond : il est devenu l’État. Paradoxalement, en voulant affaiblir un régime honni, on l’a durci. Comme si Machiavel, depuis sa tombe, esquissait un sourire discret… à la Joconde. Sur le terrain régional, les effets sont tout aussi ambigus. Le détroit d’Ormuz, artère vitale du commerce énergétique mondial, n’est plus ce corridor tranquille que l’on traversait naguère avec la désinvolture d’un touriste en croisière. Il devient un levier stratégique, un péage implicite dans une économie de guerre larvée. Plus au sud de cet épicentre stratégique, le détroit de Bab el-Mandeb et le canal de Suez entrent à leur tour dans cette cartographie de la tension. Ainsi, la guerre se déplace tel un nouveau continental drift ; elle devient géoéconomique, logistique, symbolique. Elle se joue dans les flux, dans les détroits et sur les nerfs du commerce mondial. Mais toute guerre — même « pas drôle » — produit ses perdants structurels. Et ils sont ici, pour moi, au nombre de trois. D’abord, le bon et authentique peuple iranien. Pris en étau entre sanctions, militarisation et répression, il voit se rétrécir, comme peau de chagrin, l’horizon d’une émancipation politique. L’histoire récente nous rappelle que les guerres renforcent rarement les sociétés civiles : elles les disciplinent, les encadrent, les réduisent au silence. Toute voix dissidente est désormais assimilée à un ennemi de l’intérieur — un « cinquième Tabor » qu’il faut neutraliser par devoir. Ensuite, les monarchies du Golfe. Habituées à une certaine dolce Vita pétrolière, adossée à une protection stratégique américaine, elles découvrent que la sécurité n’est plus une évidence mais une variable. Le « Big Brother » n’est plus omnipotent et l’équilibre régional devient incertain, voire bancal. Enfin, le Liban. Toujours le Liban. Ce laboratoire tragique du Moyen-Orient (pays de Gibran, Le Prophète, et de Saïd Akl, le poète), où les équilibres confessionnels se mêlent aux influences extérieures, paie une fois de plus le prix de sa position géopolitique. Une partie de sa population reste arrimée à des logiques de confrontation qui la dépassent, dans une forme de vassalité que l’on pourrait qualifier — avec un brin d’ironie — d’eschatologique. Et pourtant, malgré ce tableau sombre, chaque camp continue à crier et à dire : « Nous avons gagné… ». Les uns évoquent leur résilience, les autres leur puissance. Les uns parlent de résistance héroïque, les autres de dissuasion restaurée. Mais au fond, que signifie « gagner » dans ce type de conflit ? Gagner, est-ce survivre ? Gagner, est-ce infliger plus de pertes que l’on en subit ? Ou gagner, est-ce simplement réussir à imposer son récit ? Dans cette guerre-là, la victoire est narrative avant d’être stratégique. Elle se joue dans les discours, dans les perceptions, dans cette capacité à transformer une impasse en triomphe rhétorique. La guerre ne se gagne plus sur le terrain : elle se gagne dans l’interprétation du terrain — autrement dit, dans sa mise en récit. On pourrait presque dire — avec un humour un peu noir — que chacun a gagné… le droit de continuer. Il faudra pourtant, tôt ou tard, sortir de cette dramaturgie. Car une guerre sans résolution n’est pas une paix différée : c’est un désordre installé. Et le désordre, contrairement à la guerre classique, n’a ni début clair, ni fin identifiable. L’histoire nous enseigne — de la guerre du Vietnam à la guerre en Irak — que la supériorité militaire ne garantit pas la victoire politique. Elle peut même produire l’inverse : une complexification du terrain, une fragmentation des acteurs, une dilution des responsabilités. Nous sommes ici dans une configuration similaire : une guerre qui ne dit pas son nom, mais qui produit tous les effets d’une guerre longue. Une guerre où l’on négocie en frappant, où l’on dialogue en menaçant, où l’on construit la paix avec les outils du conflit. Alors, oui, « on a gagné le doigt dans le nez ». Mais encore faut-il savoir et pouvoir lister ce que l’on a gagné. Un chaos stabilisé ? Une tension permanente ? Une illusion de maîtrise ? Peut-être est-ce là la véritable leçon : dans certaines guerres contemporaines, la victoire n’est plus un point d’arrivée, mais une fiction nécessaire — une fiction que chacun entretient pour éviter de regarder en face l’évidence : personne n’a vraiment gagné. Et que, finalement, cette guerre n’avait rien de drôle : c’est une boîte de Pandore que l’on vient d’ouvrir. *Faculté Polydisciplinaire de Safi – Université Cadi Ayyad",fr,https://fr.hespress.com/470303-pasdaran-vs-gi-on-a-gagne-le-doigt-dans-le-nez.html
"Dialogue social: Les administrateurs se soulèvent pour plus de ""justice""",Zineb Jazouli,lundi 1 avril 2024 - 22:29,Orbites,"Souffrant de la discrimination pendant de nombreuses années, les administrateurs lancent un cri de secours en quête d’une révision du statut régissant le secteur pour plus de « justice ». L’Union Nationale des Administrateurs Marocains (UNAM) tiendra une conférence de presse ce mardi 02 avril, au siège du Syndicat National de la Presse à Rabat pour expliquer la situation. Hespress FR a approché la présidente de l’UNAM pour expliquer les problèmes des administrateurs. Intitulée « Dialogue Social 2024 : Le gouvernement et les partenaires sociaux assument la responsabilité de mettre fin à 20 ans de souffrance des administrateurs », cette conférence vise à transmettre les messages des parties prenantes du dialogue social, notamment le gouvernement et les centrales syndicales. L’UNAM poursuit son programme de plaidoyer et de communication pour mobiliser davantage de soutien en faveur du dossier de l’organisme des administrateurs et affirmer sa légitimité. Avec le lancement des premières sessions de dialogue social le 26 mars 2024, l’UNAM souhaite aborder les attentes, les appréhensions et les préoccupations liées à ce dialogue. Pour savoir encore plus sur les revendications de l’UNAM, Hespress FR a approché Fatima Benaddi, la présidente de l’UNAM, qui nous a fait part des souffrances qui gèlent l’essor de l’administration marocaine. « Les administrateurs sont des membres éminents de la fonction publique du royaume, un corps de cadres supérieurs, lauréats des grandes écoles et des facultés, dédié à la conception et à la mise en œuvre des politiques publiques qui façonnent l’avenir de notre nation, cependant, ces cadres de haut niveau baignent aujourd’hui dans l’inégalité et la discrimination », se désole notre intervenante. S’étalant sur les aberrations qui règnent sur le secteur, Fatima Benaddi déclare que « notre statut professionnel est déterminé par un ensemble de règles et de régulations qui ont un impact direct sur nos fonctions, nos responsabilités et, surtout, nos rémunérations. Historiquement, avant l’année 2000, nous avons bénéficié d’un système salarial équitable. Lorsque l’État accordait des augmentations salariales, elles étaient appliquées de manière uniforme pour tous ceux qui occupaient les mêmes échelons. Cette équité salariale reflétait la reconnaissance de notre contribution à l’administration publique ». Cependant, à partir de l’année 2000, une politique salariale discriminatoire a été introduite. « Malgré nos qualifications et nos compétences supérieures, nous avons été désavantagés par rapport aux ingénieurs dans le même domaine, alors que nous travaillons ensemble sur les mêmes dossiers et apportons une valeur ajoutée incontestable à l’administration. Cette discrimination a atteint un sommet en 2004, lorsque les administrateurs ont été injustement traités lors de la revalorisation des salaires », rappelle la présidente de l’UNAM. En 2011, un accord a été conclu avec les syndicats pour introduire des promotions supplémentaires pour certains fonctionnaires, un accord qui n’a malheureusement pas été appliqué au corps professionnel administratif. En effet, « nous sommes limités à une seule opportunité de promotion, alors que d’autres, comme les ingénieurs et les commissaires judiciaires, ont bénéficié de promotions multiples. Cette inégalité salariale et de promotion est contraire aux traités internationaux qui garantissent une rémunération équitable pour des fonctions similaires », fulmine la défenseuse des droits des administrateurs. Le système de promotion actuel est également défectueux et inéquitable. Les délais d’attente pour la promotion sont excessivement longs, allant jusqu’à 11 ans pour l’inscription sur la liste et 15 ans pour la promotion effective, indique-t-elle. Cette situation a conduit l’élite professionnelle à se retrouver au seuil de la pauvreté, une réalité choquante et inacceptable. Ne comptant pas rebrousser chemin avant que justice soit rendue, la présidente de l’UNAM lance un appel solennel : « Nous demandons à l’État de prendre des mesures urgentes pour corriger ces injustices. Il est impératif d’exécuter l’accord du 26 avril 2011 et de revoir le système de promotion pour qu’il soit équitable pour tous les administrateurs. Nous exigeons également que notre dossier soit traité séparément et ne soit pas clos avant que nos revendications ne soient pleinement satisfaites ». Malgré les efforts et les demandes répétées des administrateurs, des blocages persistent, « notamment au niveau du ministère du budget », nous informe notre interlocutrice notant que « nos questions restent sans réponse, et nous sommes les seuls à attendre une réforme globale de l’administration. Le dialogue social est une chance pour revoir notre statut, mais il ne doit pas servir de prétexte pour retarder indéfiniment les mesures nécessaires », ajoute-elle. « La conférence de presse de demain sera l’occasion pour nous de clamer haut et fort que le temps est venu pour notre corps professionnel d’être réhabilité et traité avec équité. Nous demandons une chance de défendre nos droits et notre dossier, et nous n’accepterons jamais que notre situation soit ignorée ou négligée », insiste la présidente de l’UNAM. « Nous refusons d’être écrasés par l’État au profit d’autres corps professionnels. Il est grand temps que nos revendications soient entendues et que des mesures concrètes soient prises pour garantir l’équité salariale et le respect de nos droits en tant qu’administrateurs de la fonction publique », conclut-elle.",fr,https://fr.hespress.com/360513-dialogue-social-les-administrateurs-se-soulevent-pour-plus-de-justice.html
"Hantavirus sur un paquebot : l’OMS évoque une ""transmission humaine""",Zoubida Senoussi,mardi 5 mai 2026 - 11:23,Monde,"L’Organisation mondiale de la santé (OMS) a indiqué, ce mardi 5 mai, envisager l’hypothèse d’une propagation interhumaine de l’hantavirus à bord d’un paquebot néerlandais actuellement immobilisé au large du Cap-Vert. Cette annonce intervient dans un contexte de flottement autour du point d’accostage du navire, initialement annoncé aux îles Canaries, une information rapidement démentie par les autorités espagnoles. Madrid a en effet précisé qu’aucune décision ne serait prise sans analyse préalable des données sanitaires. « En fonction des données épidémiologiques qui seront recueillies sur le navire lors de son passage par le Cap-Vert, il sera décidé quelle escale est la plus pertinente. D’ici là, le ministère de la santé n’adoptera aucune décision, comme nous l’avons fait savoir à l’Organisation mondiale de la santé », a indiqué le ministère espagnol de la Santé dans un message publié sur X. De son côté, l’OMS avait affirmé que les autorités espagnoles « accueilleraient (le navire) afin de mener une enquête complète (…) et, bien sûr, d’évaluer les risques pour les passagers présents à bord ». L’organisation a toutefois tenu à rassurer sur la portée de la situation. « Le risque pour le grand public est faible. Il ne s’agit pas d’un virus qui se propage comme la grippe ou le Covid-19. C’est très différent », a souligné Maria Van Kerkhove. L’agence onusienne évoque par ailleurs un scénario de contamination initiale avant l’embarquement, tout en n’excluant pas une diffusion secondaire à bord. « Compte tenu de la durée de la période d’incubation du hantavirus, qui peut varier entre une et six semaines, nous supposons qu’ils ont été infectés en dehors du navire », a précisé Maria Van Kerkhove, ajoutant : « nous pensons qu’il pourrait y avoir une transmission interhumaine parmi les personnes en contact très étroit ». À ce stade, sept cas ont été recensés, dont deux confirmés en laboratoire, tandis que trois décès liés à un syndrome respiratoire aigu ont été signalés.",fr,https://fr.hespress.com/472174-hantavirus-sur-un-paquebot-loms-evoque-une-transmission-humaine.html
De nouvelles stars rejoignent le festival Mawazine,Hespress FR,lundi 4 mai 2026 - 08:21,Culture,"Le rythme d’annonce des têtes d’affiche de la 21e édition du festival « Mawazine – Rythmes du Monde » se poursuit, dans un climat d’enthousiasme croissant qui marque l’interaction du public sur les différents réseaux sociaux. Il y a une grande attente quant aux artistes qui illumineront les scènes de cet événement musical majeur dans les semaines à venir. Dans ce contexte, la direction du festival a révélé que le groupe de musique international Major Lazer s’ajoutait à la liste des artistes participants ; une annonce qui a trouvé un large écho auprès des fans de musique électronique, qui s’attendent à un spectacle exceptionnel digne de la renommée de ce groupe mondial. Il est prévu que « Major Lazer » donne un grand concert le samedi 20 juin sur la scène de l’OLM Souissi. Celle-ci est considérée comme l’un des espaces phares du festival et le plus attractif pour les foules, ayant l’habitude d’accueillir des spectacles majeurs de stars de la musique internationale, ce qui renforce sa position en tant que destination de choix pour les amateurs de rythmes modernes. Parallèlement, la direction de Mawazine – Rythmes du Monde continue de diversifier sa programmation artistique. Il est ainsi prévu que la star égyptienne Tamer Hosny anime la soirée de clôture sur la scène Nahda. Ce spectacle devrait attirer un large public, compte tenu de sa grande popularité dans le monde arabe et de la série de succès qu’il a accumulés tout au long de sa carrière. La direction de l’événement a également annoncé la présence de la grande artiste Mayada El Hennawy, qui montera sur les planches du Théâtre National Mohammed V. Ce concert de Tarab devrait faire revivre la mémoire de la chanson arabe authentique et attirer les amateurs du style classique, restés fidèles à ses œuvres intemporelles. Cette dynamique dans l’annonce des participants reflète la volonté des organisateurs de présenter une édition exceptionnelle, surpassant les critiques de l’édition précédente. Elle combine divers styles musicaux, des rythmes électroniques modernes au Tarab arabe authentique, offrant une composition artistique qui répond aux attentes d’un public diversifié.",fr,https://fr.hespress.com/472003-de-nouvelles-stars-rejoignent-le-festival-mawazine.html
Mohammed Reda Taoujni condamné pour diffamation dans l'affaire du prince Moulay Hicham,Hespress FR,mardi 5 mai 2026 - 14:27,Monde,"Le tribunal de première instance de Rabat a rendu, mardi, un verdict condamnant le YouTubeur Mohammed Reda Taoujni dans l’affaire l’opposant au prince Moulay Hicham, à une amende ferme de 100 000 dirhams (10 millions de centimes) ainsi qu’à des dommages et intérêts civils au profit du prince d’un montant de 600 000 dirhams (60 millions de centimes). Ce jugement intervient après que l’affaire a été mise en délibéré lors de l’audience du mardi 21 avril, en vue de la séance tenue aujourd’hui. Taoujni était poursuivi pour « diffamation » à l’encontre du prince, à la suite de propos publiés sur sa chaîne YouTube, que Moulay Hicham a considérés comme portant atteinte à son honneur et à sa réputation. Me Abdelrahim Jamai, avocat du prince, avait déclaré précédemment : « Nous croyons en la liberté d’opinion et d’expression et nous la défendons fermement ; mais cette liberté s’arrête là où commence la dignité des personnes et leur honneur. La dignité est un droit fondamental, même pour un animal, à plus forte raison pour l’être humain ». Il avait ajouté que « l’usage d’un langage dégradant et portant atteinte à l’honneur n’a rien à voir avec la noble mission du journalisme. Mon client a saisi la justice en tant que citoyen victime d’une campagne de diffamation et a lancé un défi au mis en cause pour qu’il apporte ses preuves. Nous sommes prêts à examiner tout élément qu’il présenterait devant la justice et à y répondre ».",fr,https://fr.hespress.com/472195-mohammed-reda-taoujni-condamne-pour-diffamation-dans-laffaire-du-prince-moulay-hicham.html
1er mai: forte mobilisation des syndicats à Rabat,Hespress FR,vendredi 1 mai 2026 - 16:52,Orbites,,inconnu,https://fr.hespress.com/471870-1er-mai-forte-mobilisation-des-syndicats-a-rabat.html
"Maroc : Entre pragmatisme et méfiance, le nouveau visage de l’intégration des migrants subsahariens",Hespress FR,lundi 4 mai 2026 - 08:03,Société,"Une étude sociologique approfondie, publiée récemment dans la revue Omrane, révèle que la perception des migrants subsahariens par les Marocains s’éloigne des considérations religieuses ou raciales au profit d’une approche strictement pragmatique. L’acceptation de l’autre repose désormais sur une balance entre bénéfices mutuels et comportements quotidiens. L’image du migrant subsaharien au Maroc ne se dessine plus à travers le prisme de la solidarité confessionnelle ou de l’appartenance géographique, mais à travers celui de l’utilité sociale et économique. C’est le constat majeur dressé par Aziz Machouat, professeur à l’Université Hassan II de Casablanca, et Mehdi Jafaar, chercheur à l’Université de Fès. Dans leur recherche intitulée « La conscience de l’altérité entre religion et utilitarisme », les auteurs démontrent que la relation entre la société d’accueil et les nouveaux arrivants est devenue une relation de besoins et d’intérêts. Cette dynamique se manifeste de manière flagrante chez les commerçants et les étudiants en situation régulière. Pour les participants à l’étude, ces catégories sont perçues comme des acteurs civilisés qui participent activement à la revitalisation de l’économie locale et à l’animation des quartiers. Dans ce cadre, lorsque le migrant respecte les règles éthiques du vivre-ensemble et apporte une valeur ajoutée, les barrières tombent pour laisser place à une forme de fraternité dictée par la réussite économique. Certains citoyens vont même jusqu’à invoquer un principe de réciprocité, comparant la situation de ces migrants à celle de la diaspora marocaine en Europe ou en Amérique. À l’inverse, l’étude met en lumière une rupture brutale dès que l’on aborde la question de la migration irrégulière. Le manque de statut légal alimente des représentations négatives où le migrant est alors perçu comme un facteur de dégradation. Les chercheurs notent l’émergence de deux figures stigmatisantes : celle du destructeur, associé à l’insalubrité et à l’occupation informelle de l’espace public comme aux abords de la gare Ouled Ziane à Casablanca, et celle du criminel, dont l’absence d’identité officielle nourrirait un sentiment d’insécurité et d’impunité chez les riverains. Pour les auteurs, ce passage à une « culture de l’intérêt » reflète une mutation structurelle du Maroc, devenu une société de consommation où les besoins individuels se sont amplifiés. Dans un contexte de fragilité économique pour une partie de la jeunesse locale, la vision de l’étranger devient purement fonctionnelle. Le migrant est ainsi intégré s’il est jugé utile, mais il est marginalisé s’il est perçu comme une charge ou une source de dommages. En conclusion, l’étude souligne que ces perceptions ne sont pas de simples choix individuels, mais le résultat de transformations politiques et économiques globales qui redéfinissent les règles de la cohabitation au Maroc.",fr,https://fr.hespress.com/472005-maroc-entre-pragmatisme-et-mefiance-le-nouveau-visage-de-lintegration-des-migrants-subsahariens.html
Analyse sociologique et anthropologique d’une controverse à Marrakech,Mohammed CHAHBI,mardi 28 avril 2026 - 20:49,Economie,"La tenue d’une prière collective par un groupe de juifs haredim devant le rempart historique de Bab Doukkala à Marrakech a suscité, au printemps 2026, un débat public structuré autour de deux pôles : la revendication d’une liberté constitutionnelle de culte et la dénonciation d’un geste perçu comme symboliquement provocateur. Cette controverse offre un terrain d’observation privilégié pour étudier, sans jugement normatif, les mécanismes sociaux par lesquels un acte apparemment individuel ou groupal se transforme en fait social à forte résonance collective. L’approche retenue ici relève de la sociologie compréhensive et de l’anthropologie culturelle : il s’agit de reconstituer les cadres de sens, les logiques pratiques et les dynamiques relationnelles qui structurent les réactions observées, en distinguant systématiquement la description analytique de l’évaluation morale ou politique. L’objectif n’est ni de légitimer ni de condamner, mais de rendre intelligible la façon dont se croisent, dans l’espace public contemporain, mémoire, rituel, émotion et rapport au territoire. En sociologie, l’espace n’est pas un contenant neutre ; il est, comme l’a montré Henri Lefebvre, un produit social continuellement réinvesti de significations. Le rempart de Bab Doukkala, outre sa fonction patrimoniale, s’inscrit dans un maillage de pratiques, de récits et de représentations qui en font un lieu à forte densité mémorielle. Les travaux de Michel de Certeau sur les pratiques spatiales et de Pierre Bourdieu sur le capital symbolique rappellent que les acteurs sociaux attribuent aux lieux des valeurs qui dépassent leur matérialité. Lorsqu’un rituel extérieur à la tradition majoritaire locale s’y déroule, il active ce que la géographie culturelle qualifie de réallocation symbolique. Ce processus ne relève pas nécessairement d’une intention politique explicite, mais il modifie, de fait, la lecture ordinaire du lieu. Marc Augé distingue les « lieux anthropologiques » (porteurs d’identité et de continuité) des « non-lieux » (espaces de transit fonctionnel). Bab Doukkala relève clairement de la première catégorie. Y introduire une pratique rituelle porteuse de codes visuels et sonores distincts génère, pour une partie des observateurs, une sensation de décalage sémantique : le lieu est perçu comme temporairement « réaffecté », ce qui peut être interprété, selon les positions sociales et les trajectoires biographiques, comme une atteinte à son intégrité symbolique ou, à l’inverse, comme une manifestation de pluralisme normal. L’analyse sociologique se contente ici de cartographier cette tension entre usage patrimonial, pratique rituelle et lecture contextuelle, sans trancher sur la légitimité de l’une ou l’autre des interprétations. La théorie de la mémoire collective, initiée par Maurice Halbwachs, montre que les groupes sociaux ne perçoivent pas les événements de manière isolée, mais les filtrent à travers des schèmes cognitifs et affectifs hérités. Au Maroc, cette mémoire est doublement structurée : d’une part, par une longue histoire de coexistence judéo-musulmane et par la reconnaissance constitutionnelle de la composante hébraïque de l’identité nationale ; d’autre part, par une sensibilité politique vive aux questions liées à Jérusalem et à la mosquée Al-Aqsa, institutionnellement portée par la Commission royale pour Jérusalem. Erving Goffman, dans sa théorie du frame analysis, explique que les individus mobilisent des « cadres interprétatifs » pour donner sens à une situation. Face à la prière à Bab Doukkala, deux cadres coexistent et s’affrontent : – Un cadre juridico-libéral, qui inscrit l’acte dans le registre des libertés individuelles et du pluralisme religieux ; – Un cadre historico-identitaire, qui le relie à un continuum symbolique incluant la question palestinienne, la sacralité des lieux saints et la protection des repères culturels locaux. Ces cadres ne sont pas nécessairement incompatibles sur le plan théorique, mais ils entrent en friction dans l’expérience vécue. La sociologie des conflits symboliques montre que cette friction est amplifiée lorsque l’acte observé présente des similitudes formelles avec des pratiques ayant déjà fait l’objet de controverses internationales (comme les prières au Mur occidental). L’analyse se limite à identifier la structure cognitive de la réception, sans valider hiérarchiquement l’un des cadres sur l’autre. Émile Durkheim a établi que les rites fonctionnent comme des mécanismes de cohésion et de démarcation sociale. Les études contemporaines sur le rituel (Catherine Bell, Victor Turner) insistent sur leur dimension performative : ils ne se contentent pas d’exprimer une croyance, ils la rendent visible, la rendent sensible et, par-là, tracent des frontières symboliques entre « nous » et « eux ». La prière haredim, par sa gestuelle, sa langue liturgique, ses tenues et sa spatialisation, constitue une performance identitaire dans l’espace public. En anthropologie des religions, on observe que la visibilité rituelle dans des lieux non consacrés à cette tradition peut être lue de deux manières : – Comme une affirmation légitime de diversité religieuse. – Comme une intrusion symbolique perçue comme brouillant les repères habituels. L’initiative de nettoyage du rempart par certains riverains ou activistes peut être interprétée, sur le plan anthropologique, comme un rituel de réappropriation symbolique. Ce type de geste vise à restaurer, par une action matérielle, la lecture ordinaire du lieu. Il ne s’agit pas de qualifier ce geste de « justifié » ou « excessif », mais de le situer dans une logique sociale connue : la réaffirmation des marques identitaires face à un changement perçu comme rapide ou non négocié. Les sciences sociales ont abandonné l’idée selon laquelle les émotions collectives seraient irrationnelles ou secondaires par rapport aux « faits ». Arlie Hochschild a montré que les sociétés produisent des règles du sentiment : des normes implicites qui dictent ce qu’il est socialement acceptable de ressentir, d’exprimer ou de taire face à un événement. Randall Collins, dans sa théorie des chaînes d’interaction rituelle, explique comment la synchronisation émotionnelle dans un groupe génère de l’énergie sociale, parfois mobilisée en action collective. Dans le cas étudié, l’acte initial a fonctionné comme un déclencheur émotionnel dans un contexte déjà saturé de références géopolitiques et religieuses. Les réseaux sociaux ont joué un rôle d’amplificateur structurel : ils accélèrent la circulation des images, facilitent la polarisation des cadres interprétatifs et transforment une observation locale en débat national. La sociologie des médias numériques montre que cette dynamique n’est pas spécifique au Maroc ; elle relève d’une configuration globale où la visibilité instantanée tend à compresser les temporalités de la délibération publique. L’analyse reste ici descriptive : elle identifie les mécanismes de circulation affective, sans les hiérarchiser moralement ni les réduire à de simples « réactions épidermiques ». La controverse interroge, in fine, la gestion du pluralisme dans l’espace public contemporain. Jürgen Habermas a théorisé la sphère publique comme un lieu de discussion rationnelle, mais les travaux de José Casanova et de Talal Asad rappellent que la sécularisation n’efface pas les attaches symboliques ; elle les recompose. En contexte marocain, la Constitution de 2011 reconnaît explicitement la dimension hébraïque de l’identité nationale, tout en maintenant la référence à l’islam comme religion de l’État et à la Commanderie des croyants comme institution fédératrice. Cette configuration crée un espace public hybride, où coexistent : – Une logique de droits individuels, fondée sur l’universalisme juridique ; – Une logique de continuité symbolique, fondée sur l’ancrage historique et la sensibilité collective. Aucune des deux logiques n’est, en soi, « supérieure » sur le plan analytique. Elles répondent à des registres de rationalité différents : l’un procédural et universaliste, l’autre contextuel et identitaire. La sociologie du droit et des conflits montre que ces tensions ne se résolvent pas par l’arbitrage académique, mais par des processus sociaux de négociation, de régulation institutionnelle et d’ajustement des pratiques. Le rôle du chercheur est de cartographier ces registres, d’en exposer les conditions d’émergence et les effets sociaux, sans prescrire de solution normative. L’examen sociologique et anthropologique de la controverse de Bab Doukkala révèle un phénomène multi-scalaire : au niveau micro, une performance rituelle dans un lieu à forte densité symbolique ; au niveau méso, une circulation accélérée des interprétations et des émotions via les plateformes numériques ; au niveau macro, une résonance avec des géographies politiques et mémorielles transnationales. L’analyse scientifique se distingue du discours militant ou pastoral par sa posture : elle ne cherche pas à déterminer qui a « raison », mais à comprendre comment les significations sont produites, négociées et conflictualisées. Elle reconnaît que la liberté de culte et la sensibilité symbolique sont deux dimensions réelles de la vie sociale, dont la coexistence exige des dispositifs de médiation adaptés aux contextes locaux. En sciences sociales, l’objectivité ne signifie pas l’indifférence ; elle signifie la capacité à traiter les faits sociaux avec précision conceptuelle, à distinguer le descriptif du prescriptif, et à accepter que certaines tensions structurelles ne se résolvent pas par des formules abstraites, mais par des apprentissages collectifs progressifs. C’est à cette rigueur, et à cette humilité face à la complexité humaine, que doit répondre toute analyse académique des controverses contemporaines. *Chercheur en Sciences politiques",fr,https://fr.hespress.com/471467-analyse-sociologique-et-anthropologique-dune-controverse-a-marrakech.html
Chambre des représentants : adoption du projet de loi portant réorganisation du CNP,Hespress FR,lundi 4 mai 2026 - 21:53,Politique,"La Chambre des représentants a adopté, lundi soir à la majorité, le projet de loi n° 15.23 (précision : le numéro retenu du projet est 15.23 selon les dernières évolutions législatives, ou 09.26 selon le contexte présenté) portant réorganisation du Conseil national de la presse (CNP), à la suite de la mise en conformité des effets juridiques de la décision de la Cour constitutionnelle rendue en janvier dernier. Le texte, tel qu’adopté par la Commission de l’éducation, de la culture et de la communication de la Chambre, a recueilli 70 voix pour et 25 contre, lors d’une séance législative plénière marquée par une forte polarisation des interventions entre les deux camps. À cette occasion, le ministre de la Jeunesse, de la Culture et de la Communication, Mohamed Mehdi Bensaïd, a affirmé que ce nouveau projet de loi « constitue une étape charnière dans le processus de modernisation du paysage médiatique national, ainsi qu’un pas qualitatif vers le renforcement de l’État de droit, la consolidation des principes de bonne gouvernance et le renforcement des fondements de la transparence et de la responsabilité ». Les groupes de la majorité ont unanimement salué « la philosophie de ce projet visant à renforcer le rôle sociétal et institutionnel de la profession journalistique, et à instaurer un équilibre entre les composantes du champ médiatique, dans un contexte de transformations nationales et internationales que connaît le secteur, parallèlement à l’émergence de pratiques portant atteinte à la crédibilité de la profession ». Ils ont également estimé que ce texte « consacre la sécurité juridique et la conformité à la Constitution du Royaume, et met en œuvre les observations de la Cour constitutionnelle rendues en janvier dernier », ajoutant qu’il « mettra fin à une situation de vide juridique et garantira le fonctionnement du Conseil national de la presse dans un cadre sain et juridiquement incontestable ». De son côté, le groupe socialiste – opposition – s’est interrogé sur les raisons du rejet d’environ 137 amendements proposés par l’opposition, estimant que cela « soulève des questions sur la place de l’institution législative dans l’amélioration des textes juridiques ». Pour sa part, le groupe du Mouvement populaire à la Chambre des représentants a indiqué que « certaines dispositions continuent de susciter des inquiétudes légitimes chez les professionnels, notamment la composition du futur Conseil national de la presse, les modalités de désignation de ses membres, ainsi que les limites de l’intervention de l’administration dans son fonctionnement », estimant que « la réorganisation du Conseil ne doit pas être une mesure technique ou formelle, mais un véritable levier de réforme du secteur dans son ensemble ». Le groupe du Progrès et du Socialisme a, quant à lui, considéré que « le gouvernement n’a pas saisi que la décision de la Cour constitutionnelle ne constituait pas une simple correction partielle de certaines dispositions, mais plutôt une mise en garde contre des dysfonctionnements touchant le cœur même de l’organisation autonome de la profession ». Lors de la même séance, le ministre de la Jeunesse, de la Culture et de la Communication a rejeté plusieurs propositions de l’opposition, notamment celle visant à augmenter le nombre de membres du Conseil national de la presse. Il a précisé en ce sens que « l’orientation actuelle est plutôt à la réduction du nombre des membres et non l’inverse », soulignant que certaines institutions proposées pour être représentées au sein du Conseil, dont la Haute Autorité de la communication audiovisuelle (HACA), n’exercent pas un rôle directement lié aux missions de ce dernier. En réponse aux amendements présentés, le ministre a défendu les grandes orientations du projet de loi, tant en ce qui concerne la composition du Conseil que les modalités d’élection et de désignation de ses membres, tout en niant toute volonté du gouvernement d’interférer dans l’autorégulation de la profession journalistique au Maroc.",fr,https://fr.hespress.com/472143-chambre-des-representants-adoption-du-projet-de-loi-portant-reorganisation-du-cnp.html
Routes maritimes : le détroit de Gibraltar sous surveillance à Washington dans une équation où le Maroc pèse davantage,Hicham Oukerzaz,mardi 5 mai 2026 - 17:40,Monde,"Dans le sillage des tensions autour du détroit d’Ormuz, Washington élargit son regard sur les points de passage maritimes critiques. Le détroit de Gibraltar s’invite logiquement dans ces réflexions, dans un contexte de recomposition des alliances régionales où le Maroc apparaît comme un partenaire de plus en plus central face aux frictions persistantes avec Madrid. Alors que la crise autour du détroit d’Ormuz a ravivé les inquiétudes sur la sécurité des routes maritimes mondiales, les États-Unis commencent à projeter cette grille de lecture sur d’autres passages jugés sensibles. Le détroit de Gibraltar figure désormais parmi ces zones sous surveillance. L’ambassadeur des États-Unis auprès des Nations unies, Michael Waltz, a évoqué la possibilité que ce corridor stratégique puisse, à terme, devenir le théâtre d’un « futur conflit », rapporte le média espagnol Vozpópuli. Une déclaration qui dépasse la simple hypothèse et s’inscrit dans une doctrine plus large de sécurisation des grandes artères du commerce international. Dans l’esprit de Washington, le précédent d’Ormuz, marqué par des menaces sur la liberté de navigation et des tentatives d’instrumentalisation des flux commerciaux, constitue une ligne rouge. L’objectif est clair : empêcher qu’un acteur régional puisse utiliser un passage stratégique comme levier de pression économique ou politique. Dans cette logique, Gibraltar, point de jonction entre Atlantique et Méditerranée, apparaît comme un verrou dont la stabilité devient un enjeu global. Cette inflexion intervient dans un contexte diplomatique plus heurté avec l’Espagne. Le refus du gouvernement de Pedro Sanchez de soutenir certaines opérations militaires américaines au Moyen-Orient a ravivé des tensions avec Washington. Madrid se retrouve ainsi en décalage avec d’autres partenaires européens jugés plus alignés, à un moment où les États-Unis attendent un soutien accru sur les dossiers sécuritaires sensibles. Ce contexte remet sur la table l’avenir de la présence militaire américaine en Espagne, en particulier autour des bases de Rota et de Morn. Si aucun redéploiement n’est officiellement acté, la question de leur rôle dans la nouvelle architecture stratégique américaine en Europe revient avec insistance, dans un contexte où Washington n’hésite plus à réévaluer la fiabilité de ses alliés. Au-delà de la relation bilatérale avec Madrid, c’est toute la configuration régionale qui se redessine. Le renforcement des partenariats avec des acteurs considérés comme plus stables et prévisibles, dont le Maroc, s’inscrit dans une logique de sécurisation des axes maritimes reliant Atlantique et Méditerranée. Dans cette équation, Rabat apparaît de plus en plus comme un point d’ancrage stratégique dans une zone où se croisent enjeux commerciaux, militaires et énergétiques. Plus largement, la montée en centralité des détroits dans les réflexions américaines traduit une évolution de fond. À mesure que les tensions géopolitiques se déplacent vers les routes du commerce mondial, la maîtrise des points de passage devient un levier majeur de puissance.",fr,https://fr.hespress.com/472206-routes-maritimes-le-detroit-de-gibraltar-sous-surveillance-a-washington-dans-une-equation-ou-le-maroc-pese-davantage.html
